<?xml version="1.0" encoding="UTF-8"?>
<export version="D">
  <design>
    <source>/home/user/Документы/ARduino-extMem/arduino-extmem.sch</source>
    <date>Вт 31 янв 2017 16:08:31</date>
    <tool>Eeschema 4.0.4+dfsg1-stable</tool>
    <sheet number="1" name="/" tstamps="/">
      <title_block>
        <title/>
        <company/>
        <rev/>
        <date/>
        <source>arduino-extmem.sch</source>
        <comment number="1" value=""/>
        <comment number="2" value=""/>
        <comment number="3" value=""/>
        <comment number="4" value=""/>
      </title_block>
    </sheet>
  </design>
  <components>
    <comp ref="U1">
      <value>74AHC373</value>
      <footprint>Housings_DIP:DIP-20_W7.62mm</footprint>
      <libsource lib="74ahxxx" part="74AHC373"/>
      <sheetpath names="/" tstamps="/"/>
      <tstamp>5890844D</tstamp>
    </comp>
    <comp ref="U2">
      <value>UM61256FK-12</value>
      <footprint>Housings_DIP:DIP-28_W7.62mm</footprint>
      <libsource lib="SRAM" part="UM61256FK-12"/>
      <sheetpath names="/" tstamps="/"/>
      <tstamp>58908AE4</tstamp>
    </comp>
  </components>
  <libparts>
    <libpart lib="74ahxxx" part="74AHC373">
      <description>8 bits Latch, 3 state Out</description>
      <fields>
        <field name="Reference">U</field>
        <field name="Value">74AHC373</field>
      </fields>
      <pins>
        <pin num="1" name="OE" type="input"/>
        <pin num="2" name="O0" type="3state"/>
        <pin num="3" name="D0" type="input"/>
        <pin num="4" name="D1" type="input"/>
        <pin num="5" name="O1" type="3state"/>
        <pin num="6" name="O2" type="3state"/>
        <pin num="7" name="D2" type="input"/>
        <pin num="8" name="D3" type="input"/>
        <pin num="9" name="O3" type="3state"/>
        <pin num="10" name="GND" type="power_in"/>
        <pin num="11" name="LE" type="input"/>
        <pin num="12" name="O4" type="3state"/>
        <pin num="13" name="D4" type="input"/>
        <pin num="14" name="D5" type="input"/>
        <pin num="15" name="O5" type="3state"/>
        <pin num="16" name="O6" type="3state"/>
        <pin num="17" name="D6" type="input"/>
        <pin num="18" name="D7" type="input"/>
        <pin num="19" name="O7" type="3state"/>
        <pin num="20" name="VCC" type="power_in"/>
      </pins>
    </libpart>
    <libpart lib="SRAM" part="UM61256FK-12">
      <description>SRAM 32K x  8 bits, DIP28 300mil, 12ns</description>
      <footprints>
        <fp>DIP28*</fp>
      </footprints>
      <fields>
        <field name="Reference">U</field>
        <field name="Value">UM61256FK-12</field>
        <field name="Footprint">DIP28N</field>
      </fields>
      <pins>
        <pin num="1" name="A14" type="input"/>
        <pin num="2" name="A12" type="input"/>
        <pin num="3" name="A7" type="input"/>
        <pin num="4" name="A6" type="input"/>
        <pin num="5" name="A5" type="input"/>
        <pin num="6" name="A4" type="input"/>
        <pin num="7" name="A3" type="input"/>
        <pin num="8" name="A2" type="input"/>
        <pin num="9" name="A1" type="input"/>
        <pin num="10" name="A0" type="input"/>
        <pin num="11" name="D0" type="3state"/>
        <pin num="12" name="D1" type="3state"/>
        <pin num="13" name="D2" type="3state"/>
        <pin num="14" name="GND" type="power_in"/>
        <pin num="15" name="D3" type="3state"/>
        <pin num="16" name="D4" type="3state"/>
        <pin num="17" name="D5" type="3state"/>
        <pin num="18" name="D6" type="3state"/>
        <pin num="19" name="D7" type="3state"/>
        <pin num="20" name="~CE" type="input"/>
        <pin num="21" name="A10" type="input"/>
        <pin num="22" name="~OE" type="input"/>
        <pin num="23" name="A11" type="input"/>
        <pin num="24" name="A9" type="input"/>
        <pin num="25" name="A8" type="input"/>
        <pin num="26" name="A13" type="input"/>
        <pin num="27" name="~WE" type="input"/>
        <pin num="28" name="VCC" type="power_in"/>
      </pins>
    </libpart>
  </libparts>
  <libraries>
    <library logical="74ahxxx">
      <uri>/home/user/74ahxxx.lib</uri>
    </library>
    <library logical="SRAM">
      <uri>SRAM.lib</uri>
    </library>
  </libraries>
  <nets>
    <net code="1" name="Net-(U1-Pad3)">
      <node ref="U1" pin="3"/>
    </net>
    <net code="2" name="Net-(U2-Pad19)">
      <node ref="U2" pin="19"/>
    </net>
    <net code="3" name="Net-(U2-Pad18)">
      <node ref="U2" pin="18"/>
    </net>
    <net code="4" name="Net-(U2-Pad17)">
      <node ref="U2" pin="17"/>
    </net>
    <net code="5" name="Net-(U2-Pad16)">
      <node ref="U2" pin="16"/>
    </net>
    <net code="6" name="Net-(U2-Pad15)">
      <node ref="U2" pin="15"/>
    </net>
    <net code="7" name="Net-(U2-Pad13)">
      <node ref="U2" pin="13"/>
    </net>
    <net code="8" name="Net-(U2-Pad12)">
      <node ref="U2" pin="12"/>
    </net>
    <net code="9" name="Net-(U2-Pad11)">
      <node ref="U2" pin="11"/>
    </net>
    <net code="10" name="Net-(U1-Pad4)">
      <node ref="U1" pin="4"/>
    </net>
    <net code="11" name="Net-(U2-Pad27)">
      <node ref="U2" pin="27"/>
    </net>
    <net code="12" name="Net-(U2-Pad26)">
      <node ref="U2" pin="26"/>
    </net>
    <net code="13" name="Net-(U2-Pad25)">
      <node ref="U2" pin="25"/>
    </net>
    <net code="14" name="Net-(U2-Pad24)">
      <node ref="U2" pin="24"/>
    </net>
    <net code="15" name="Net-(U1-Pad9)">
      <node ref="U1" pin="9"/>
      <node ref="U2" pin="7"/>
    </net>
    <net code="16" name="GND">
      <node ref="U2" pin="20"/>
      <node ref="U1" pin="10"/>
      <node ref="U1" pin="1"/>
      <node ref="U2" pin="14"/>
    </net>
    <net code="17" name="Net-(U1-Pad19)">
      <node ref="U2" pin="3"/>
      <node ref="U1" pin="19"/>
    </net>
    <net code="18" name="Net-(U1-Pad16)">
      <node ref="U2" pin="4"/>
      <node ref="U1" pin="16"/>
    </net>
    <net code="19" name="Net-(U1-Pad15)">
      <node ref="U2" pin="5"/>
      <node ref="U1" pin="15"/>
    </net>
    <net code="20" name="Net-(U1-Pad12)">
      <node ref="U2" pin="6"/>
      <node ref="U1" pin="12"/>
    </net>
    <net code="21" name="Net-(U2-Pad23)">
      <node ref="U2" pin="23"/>
    </net>
    <net code="22" name="Net-(U1-Pad6)">
      <node ref="U1" pin="6"/>
      <node ref="U2" pin="8"/>
    </net>
    <net code="23" name="Net-(U1-Pad5)">
      <node ref="U1" pin="5"/>
      <node ref="U2" pin="9"/>
    </net>
    <net code="24" name="Net-(U1-Pad2)">
      <node ref="U1" pin="2"/>
      <node ref="U2" pin="10"/>
    </net>
    <net code="25" name="Net-(U1-Pad18)">
      <node ref="U1" pin="18"/>
    </net>
    <net code="26" name="Net-(U1-Pad17)">
      <node ref="U1" pin="17"/>
    </net>
    <net code="27" name="Net-(U1-Pad14)">
      <node ref="U1" pin="14"/>
    </net>
    <net code="28" name="Net-(U1-Pad13)">
      <node ref="U1" pin="13"/>
    </net>
    <net code="29" name="Net-(U1-Pad8)">
      <node ref="U1" pin="8"/>
    </net>
    <net code="30" name="Net-(U1-Pad7)">
      <node ref="U1" pin="7"/>
    </net>
    <net code="31" name="Net-(U1-Pad11)">
      <node ref="U1" pin="11"/>
    </net>
    <net code="32" name="VCC">
      <node ref="U1" pin="20"/>
      <node ref="U2" pin="28"/>
    </net>
    <net code="33" name="Net-(U2-Pad22)">
      <node ref="U2" pin="22"/>
    </net>
    <net code="34" name="Net-(U2-Pad21)">
      <node ref="U2" pin="21"/>
    </net>
    <net code="35" name="Net-(U2-Pad2)">
      <node ref="U2" pin="2"/>
    </net>
    <net code="36" name="Net-(U2-Pad1)">
      <node ref="U2" pin="1"/>
    </net>
  </nets>
</export>
